estrategia_cluster,temperatura,precipitacao,altitude,declividade,exposicao,distancia_vertical_drenagem,densidade_drenagem,cobertura_arborea
0,26.43148936170213,2203.691489361702,124.27214875195888,1.274461967181018,263.63333139622466,42.791829878503975,14.58552211041146,73.9404255319149
1,26.431711711711714,2274.390990990991,133.28520730551298,1.406176159644986,95.21558713526339,24.69245032839947,14.906736563347481,75.21261261261262
2,21.973913043478262,1877.5217391304348,148.07797100232995,1.7136880448762921,182.11104224384695,24.918695702069048,17.35794640969539,42.507246376811594
3,26.485282522996055,1619.3311432325886,122.41028924824843,1.7823883415972044,171.81738273511579,35.993061360987525,19.175628808418804,22.871222076215506
